ID;Class;#Vertex;#Faces;Type of Face;3D bounding-box
95;Ant;7355;14706;3
81;Ant;6370;12736;3
94;Ant;7236;14468;3
82;Ant;8299;16594;3
96;Ant;8504;17004;3
97;Ant;8167;16330;3
83;Ant;6376;12748;3
87;Ant;7470;14936;3
93;Ant;8216;16432;3
92;Ant;5867;11730;3
86;Ant;7038;14072;3
90;Ant;7877;15750;3
84;Ant;6850;13696;3
85;Ant;8388;16772;3
91;Ant;8640;17276;3
88;Ant;8210;16416;3
89;Ant;7654;15304;3
99;Ant;6881;13758;3
98;Ant;6154;12304;3
100;Ant;8064;16124;3
194;Hand;8471;16938;3
181;Hand;7242;14480;3
195;Hand;8524;17044;3
183;Hand;11413;22822;3
197;Hand;7553;15102;3
196;Hand;7112;14220;3
182;Hand;10283;20562;3
186;Hand;6607;13210;3
192;Hand;6991;13978;3
193;Hand;7314;14624;3
187;Hand;7628;15256;3
191;Hand;13766;27528;3
185;Hand;2489;4974;3
184;Hand;4685;9366;3
190;Hand;7500;14996;3
189;Hand;14084;28164;3
200;Hand;1515;3026;3
188;Hand;8603;17202;3
198;Hand;9564;19124;3
199;Hand;8647;17290;3
35;Cup;15136;30268;3
21;Cup;15198;30396;3
34;Cup;9602;19204;3
22;Cup;15002;30004;3
36;Cup;9076;18152;3
37;Cup;6270;12540;3
23;Cup;15037;30074;3
27;Cup;15137;30274;3
33;Cup;7349;14698;3
32;Cup;14751;29502;3
26;Cup;15209;30418;3
30;Cup;15006;30008;3
24;Cup;15246;30492;3
25;Cup;15087;30170;3
31;Cup;15227;30454;3
40;Cup;15165;30326;3
28;Cup;15070;30140;3
29;Cup;15127;30254;3
39;Cup;15161;30322;3
38;Cup;15064;30128;3
209;Plier;5110;10216;3
220;Plier;4457;8910;3
208;Plier;6104;12204;3
218;Plier;6198;12392;3
219;Plier;3942;7880;3
214;Plier;3804;7604;3
215;Plier;4463;8922;3
201;Plier;4487;8970;3
217;Plier;5201;10398;3
203;Plier;3906;7808;3
202;Plier;4491;8978;3
216;Plier;4478;8952;3
212;Plier;4298;8592;3
206;Plier;4794;9584;3
207;Plier;5202;10400;3
213;Plier;3963;7922;3
205;Plier;4478;8952;3
211;Plier;4284;8564;3
210;Plier;5508;11012;3
204;Plier;4407;8810;3
108;Chair;10500;21008;3
120;Chair;10121;20242;3
109;Chair;10301;20602;3
119;Chair;12326;24652;3
118;Chair;9153;18306;3
115;Chair;10043;20086;3
101;Chair;8499;16998;3
114;Chair;5794;11588;3
102;Chair;15724;31456;3
116;Chair;13463;26926;3
117;Chair;14372;28744;3
103;Chair;9652;19304;3
107;Chair;11421;22854;3
113;Chair;10748;21500;3
112;Chair;13628;27256;3
106;Chair;14052;28104;3
110;Chair;8456;16920;3
104;Chair;8653;17306;3
105;Chair;9261;18530;3
111;Chair;8050;16100;3
369;Vase;13606;27212;3
368;Vase;11202;22400;3
380;Vase;9356;18708;3
378;Vase;6684;13368;3
379;Vase;6923;13842;3
374;Vase;14872;29744;3
361;Vase;14859;29734;3
375;Vase;11762;23520;3
363;Vase;13434;26864;3
377;Vase;15169;30342;3
376;Vase;12568;25132;3
362;Vase;14476;28952;3
366;Vase;10637;21274;3
372;Vase;6684;13368;3
373;Vase;10556;21112;3
367;Vase;3900;7800;3
371;Vase;14599;29194;3
365;Vase;13514;27028;3
364;Vase;13548;27100;3
370;Vase;13920;27836;3
56;Glasses;8771;17538;3
42;Glasses;4164;8324;3
43;Glasses;3414;6824;3
57;Glasses;7413;14822;3
41;Glasses;7016;14028;3
55;Glasses;2850;5696;3
54;Glasses;7407;14810;3
44;Glasses;6288;12572;3
50;Glasses;7420;14836;3
51;Glasses;2858;5712;3
45;Glasses;5399;10794;3
53;Glasses;2496;4988;3
47;Glasses;2028;4052;3
46;Glasses;2394;4784;3
52;Glasses;1554;3104;3
60;Glasses;2375;4746;3
48;Glasses;5176;10348;3
49;Glasses;3110;6220;3
59;Glasses;2895;5786;3
58;Glasses;1857;3710;3
242;Bird;7849;15694;3
256;Bird;5970;11936;3
257;Bird;2135;4266;3
243;Bird;3158;6312;3
255;Bird;5054;10104;3
241;Bird;3478;6952;3
254;Bird;3638;7272;3
250;Bird;4280;8556;3
244;Bird;4501;8998;3
245;Bird;6475;12946;3
251;Bird;3158;6312;3
247;Bird;5519;11034;3
253;Bird;6164;12324;3
252;Bird;6351;12698;3
246;Bird;4219;8434;3
248;Bird;11790;23576;3
260;Bird;2497;4990;3
249;Bird;3714;7424;3
259;Bird;9015;18026;3
258;Bird;8946;17888;3
396;FourLeg;5538;11072;3
382;FourLeg;8078;16152;3
383;FourLeg;13331;26658;3
397;FourLeg;7268;14532;3
381;FourLeg;6938;13872;3
395;FourLeg;11312;22620;3
394;FourLeg;9009;18014;3
384;FourLeg;4712;9420;3
390;FourLeg;9239;18474;3
391;FourLeg;4315;8626;3
385;FourLeg;10436;20868;3
393;FourLeg;9757;19510;3
387;FourLeg;14680;29356;3
386;FourLeg;2087;4170;3
392;FourLeg;8618;17232;3
388;FourLeg;8411;16818;3
389;FourLeg;9490;18976;3
400;FourLeg;3703;7402;3
399;FourLeg;3911;7818;3
398;FourLeg;1480;2956;3
157;Table;13883;27762;3
143;Table;9270;18536;3
142;Table;9802;19600;3
156;Table;10100;20196;3
154;Table;13929;27854;3
155;Table;14384;28764;3
141;Table;13926;27848;3
145;Table;13206;26408;3
151;Table;12696;25388;3
150;Table;13579;27154;3
144;Table;15082;30160;3
152;Table;10543;21082;3
146;Table;13714;27424;3
147;Table;13705;27406;3
153;Table;13581;27158;3
149;Table;13588;27172;3
160;Table;10082;20160;3
148;Table;13375;26746;3
158;Table;14587;29170;3
159;Table;13930;27856;3
80;Airplane;7351;14698;3
69;Airplane;6701;13398;3
68;Airplane;5583;11162;3
78;Airplane;7470;14936;3
79;Airplane;6689;13374;3
77;Airplane;6587;13170;3
63;Airplane;5519;11034;3
62;Airplane;5619;11234;3
76;Airplane;5923;11842;3
74;Airplane;5044;10084;3
75;Airplane;8679;17354;3
61;Airplane;5400;10796;3
65;Airplane;6448;12892;3
71;Airplane;5849;11694;3
70;Airplane;5631;11258;3
64;Airplane;6797;13590;3
72;Airplane;5228;10452;3
66;Airplane;7739;15474;3
67;Airplane;7651;15298;3
73;Airplane;5109;10214;3
134;Octopus;10932;21860;3
121;Octopus;5944;11888;3
135;Octopus;15201;30398;3
123;Octopus;15493;30982;3
137;Octopus;9124;18244;3
136;Octopus;14126;28248;3
122;Octopus;7251;14498;3
126;Octopus;6325;12646;3
132;Octopus;7812;15620;3
133;Octopus;10466;20932;3
127;Octopus;11906;23808;3
131;Octopus;11051;22098;3
125;Octopus;1343;2682;3
124;Octopus;3101;6198;3
130;Octopus;7747;15490;3
140;Octopus;9200;18396;3
129;Octopus;6144;12284;3
128;Octopus;6164;12324;3
138;Octopus;9594;19184;3
139;Octopus;8017;16030;3
309;Bust;5197;10390;3
320;Bust;27118;54232;3
308;Bust;23976;47948;3
318;Bust;25145;50286;3
319;Bust;26558;53112;3
317;Bust;27726;55448;3
303;Bust;15516;31028;3
302;Bust;25125;50246;3
316;Bust;23395;46786;3
314;Bust;26437;52870;3
315;Bust;25768;51532;3
301;Bust;9252;18500;3
305;Bust;27824;55644;3
311;Bust;25230;50456;3
310;Bust;8263;16522;3
304;Bust;25467;50930;3
312;Bust;26985;53966;3
306;Bust;26798;53592;3
307;Bust;27439;54874;3
313;Bust;10852;21700;3
355;Bearing;14994;29984;3
341;Bearing;1663;3322;3
354;Bearing;2910;5816;3
342;Bearing;1663;3322;3
356;Bearing;14992;29980;3
357;Bearing;14872;29764;3
343;Bearing;1663;3322;3
347;Bearing;2623;5242;3
353;Bearing;1512;3020;3
352;Bearing;10400;20796;3
346;Bearing;3587;7170;3
350;Bearing;8759;17514;3
344;Bearing;3182;6360;3
345;Bearing;3614;7224;3
351;Bearing;5192;10380;3
348;Bearing;2568;5132;3
360;Bearing;2200;4396;3
349;Bearing;2568;5132;3
359;Bearing;14956;29924;3
358;Bearing;14127;28266;3
336;Mech;15505;31006;3
322;Mech;14991;29978;3
323;Mech;14991;29978;3
337;Mech;11533;23062;3
321;Mech;14995;29986;3
335;Mech;14995;29986;3
334;Mech;14997;29990;3
324;Mech;14812;29620;3
330;Mech;15000;29996;3
331;Mech;15000;29996;3
325;Mech;14999;29994;3
333;Mech;14942;29880;3
327;Mech;14937;29870;3
326;Mech;14995;29986;3
332;Mech;14997;29990;3
340;Mech;14997;29990;3
328;Mech;14994;29984;3
329;Mech;14999;29994;3
339;Mech;15000;29996;3
338;Mech;19403;38802;3
20;Human;15700;31396;3
18;Human;15385;30766;3
19;Human;15477;30950;3
4;Human;5676;11348;3
5;Human;15154;30308;3
7;Human;8441;16878;3
6;Human;10098;20192;3
2;Human;10050;20096;3
3;Human;5641;11278;3
1;Human;4706;9408;3
8;Human;11015;22026;3
9;Human;2639;5274;3
14;Human;5691;11378;3
15;Human;5631;11258;3
17;Human;15910;31816;3
16;Human;15223;30450;3
12;Human;5614;11224;3
13;Human;13703;27402;3
11;Human;10999;21994;3
10;Human;9508;19012;3
240;Fish;6833;13662;3
221;Fish;7121;14238;3
235;Fish;5250;10496;3
234;Fish;7498;14992;3
236;Fish;4845;9686;3
222;Fish;5255;10506;3
223;Fish;6656;13308;3
237;Fish;4439;8874;3
233;Fish;10186;20368;3
227;Fish;5216;10428;3
226;Fish;5216;10428;3
232;Fish;5440;10876;3
224;Fish;5061;10118;3
230;Fish;7573;15142;3
231;Fish;6264;12524;3
225;Fish;6076;12148;3
228;Fish;5592;11180;3
229;Fish;5245;10486;3
239;Fish;5121;10238;3
238;Fish;5096;10188;3
281;Armadillo;25273;50542;3
295;Armadillo;16780;33556;3
294;Armadillo;16501;32998;3
296;Armadillo;15832;31660;3
282;Armadillo;24473;48942;3
283;Armadillo;24484;48964;3
297;Armadillo;15315;30626;3
293;Armadillo;15000;29996;3
287;Armadillo;25491;50978;3
286;Armadillo;25108;50212;3
292;Armadillo;21774;43544;3
284;Armadillo;25494;50984;3
290;Armadillo;25431;50858;3
291;Armadillo;24615;49226;3
285;Armadillo;25193;50382;3
288;Armadillo;20000;39996;3
289;Armadillo;25211;50418;3
300;Armadillo;17453;34902;3
299;Armadillo;17117;34230;3
298;Armadillo;15000;29996;3
180;Teddy;9548;19092;3
168;Teddy;10752;21500;3
169;Teddy;12561;25118;3
179;Teddy;13324;26644;3
178;Teddy;12175;24346;3
176;Teddy;12500;24996;3
162;Teddy;10096;20188;3
163;Teddy;10879;21758;3
177;Teddy;12543;25082;3
161;Teddy;13826;27648;3
175;Teddy;9480;18956;3
174;Teddy;12831;25658;3
164;Teddy;14509;29014;3
170;Teddy;12500;24996;3
171;Teddy;14905;29806;3
165;Teddy;10233;20462;3
173;Teddy;13867;27730;3
167;Teddy;12647;25290;3
166;Teddy;11090;22176;3
172;Teddy;10141;20278;3
1812;-1;731;1430;3
1814;-1;944;1756;3
1813;-1;773;1472;3
1800;-1;720;1418;3
1807;-1;5930;11832;3
1809;-1;15277;26946;3
1808;-1;3824;7250;3
1806;-1;143;190;3
1801;-1;1146;2046;3
1811;-1;453;1358;3
1810;-1;673;1068;3
1804;-1;400;778;3
1803;-1;670;1209;3
1802;-1;44;58;3
1805;-1;1336;2450;3
995;-1;7323;8448;3
961;-1;6513;9427;3
959;-1;872;1712;3
966;-1;7920;5280;3
992;-1;491;644;3
950;-1;437;724;3
968;-1;9018;11712;3
957;-1;64;108;3
903;-1;40;60;3
904;-1;128;152;3
932;-1;10889;20594;3
935;-1;128;241;3
969;-1;9748;4697;3
956;-1;136;206;3
951;-1;363;572;3
958;-1;64;108;3
993;-1;220;320;3
967;-1;12982;16912;3
960;-1;1818;3528;3
994;-1;395;454;3
934;-1;148;276;3
933;-1;55;100;3
905;-1;48;68;3
902;-1;198;372;3
920;-1;426;736;3
918;-1;78;124;3
927;-1;201;366;3
911;-1;44;62;3
929;-1;444;752;3
916;-1;40;60;3
942;-1;200;300;3
989;-1;1027;1024;3
945;-1;8116;15659;3
987;-1;850;982;3
973;-1;15492;24673;3
974;-1;379;388;3
980;-1;8937;16007;3
928;-1;463;752;3
917;-1;96;172;3
910;-1;352;1136;3
919;-1;78;124;3
926;-1;218;408;3
921;-1;1921;3680;3
981;-1;927;2200;3
975;-1;241;460;3
972;-1;16197;15625;3
986;-1;6656;13512;3
944;-1;137;164;3
943;-1;232;258;3
988;-1;3093;6000;3
907;-1;158;214;3
938;-1;422;840;3
900;-1;288;348;3
936;-1;46;76;3
909;-1;1586;3048;3
931;-1;54;88;3
965;-1;13871;22999;3
991;-1;4867;6370;3
996;-1;623;1129;3
962;-1;15136;19104;3
954;-1;146;254;3
998;-1;318;478;3
953;-1;195;334;3
930;-1;501;978;3
937;-1;72;140;3
908;-1;288;348;3
901;-1;190;360;3
906;-1;178;312;3
939;-1;398;604;3
999;-1;1235;1277;3
952;-1;308;580;3
955;-1;136;206;3
963;-1;11548;15008;3
997;-1;695;723;3
990;-1;491;644;3
964;-1;13950;18851;3
946;-1;449;644;3
979;-1;1236;1070;3
941;-1;408;824;3
977;-1;1548;3044;3
983;-1;70;74;3
948;-1;4597;9038;3
984;-1;849;982;3
970;-1;1416;2292;3
924;-1;215;408;3
923;-1;201;366;3
915;-1;40;60;3
912;-1;36;60;3
971;-1;3962;3676;3
985;-1;50833;88945;3
982;-1;332;600;3
976;-1;1272;1889;3
949;-1;706;1388;3
940;-1;416;652;3
947;-1;441;584;3
978;-1;3411;3966;3
913;-1;104;188;3
914;-1;576;956;3
922;-1;54;88;3
925;-1;216;408;3
8;-1;423;698;3
38;-1;464;930;3
1;-1;255;410;3
31;-1;1802;3548;3
36;-1;1289;2531;3
6;-1;9184;17998;3
62;-1;241;478;3
96;-1;5169;10061;3
91;-1;1614;3169;3
65;-1;1004;1930;3
98;-1;4195;8236;3
53;-1;18409;35270;3
54;-1;18143;34598;3
7;-1;265;506;3
37;-1;567;1130;3
30;-1;390;800;3
0;-1;298;492;3
39;-1;649;1156;3
9;-1;557;902;3
55;-1;19505;37531;3
99;-1;1450;2888;3
52;-1;294;578;3
64;-1;247;444;3
90;-1;1783;3526;3
97;-1;3601;7083;3
63;-1;1112;1792;3
41;-1;1824;3709;3
46;-1;576;1094;3
79;-1;166;226;3
70;-1;320;560;3
84;-1;2777;5263;3
83;-1;98;154;3
77;-1;11578;23022;3
48;-1;427;824;3
23;-1;462;878;3
24;-1;163;284;3
12;-1;278;500;3
15;-1;368;724;3
76;-1;1583;3164;3
82;-1;4144;8276;3
49;-1;2329;4372;3
85;-1;1981;3907;3
71;-1;420;836;3
47;-1;101;165;3
78;-1;468;734;3
40;-1;2684;5390;3
14;-1;891;1681;3
13;-1;491;1125;3
25;-1;1249;2494;3
22;-1;333;620;3
59;-1;44;1680;3
92;-1;1971;3888;3
66;-1;4117;8198;3
61;-1;216;338;3
95;-1;956;1908;3
68;-1;553;1098;3
57;-1;18878;36468;3
50;-1;93;182;3
35;-1;699;1394;3
5;-1;4710;8773;3
2;-1;3495;6667;3
32;-1;1129;2246;3
51;-1;309;598;3
69;-1;317;568;3
56;-1;5814;10950;3
94;-1;3332;6328;3
60;-1;1606;3208;3
58;-1;477;950;3
67;-1;14000;27996;3
93;-1;278;464;3
33;-1;3144;6164;3
3;-1;486;912;3
4;-1;4346;8216;3
34;-1;233;462;3
18;-1;4250;8324;3
27;-1;341;1024;3
20;-1;1624;3042;3
29;-1;2972;5878;3
16;-1;2666;5162;3
11;-1;368;724;3
45;-1;16542;33072;3
42;-1;116;265;3
89;-1;12515;25030;3
80;-1;1104;2104;3
74;-1;162;336;3
73;-1;285;564;3
87;-1;691;1331;3
10;-1;1362;2628;3
28;-1;6076;11660;3
17;-1;1548;3000;3
21;-1;346;556;3
19;-1;3339;5490;3
26;-1;5266;10274;3
86;-1;176;245;3
72;-1;331;590;3
75;-1;298;512;3
81;-1;857;1673;3
43;-1;41;60;3
88;-1;1618;3220;3
44;-1;401;798;3
1153;-1;743;1478;3
1198;-1;224;462;3
1154;-1;520;1000;3
1196;-1;523;804;3
1162;-1;2960;5706;3
1165;-1;448;768;3
1191;-1;1295;2444;3
1131;-1;482;768;3
1109;-1;1490;2891;3
1136;-1;904;1628;3
1100;-1;232;452;3
1138;-1;2050;3586;3
1107;-1;1116;2199;3
1190;-1;142;318;3
1164;-1;272;620;3
1163;-1;1014;2778;3
1197;-1;235;484;3
1155;-1;3680;5798;3
1152;-1;3726;6881;3
1199;-1;602;1146;3
1139;-1;2920;4234;3
1106;-1;1902;4076;3
1101;-1;135;262;3
1108;-1;2186;3756;3
1137;-1;408;524;3
1130;-1;2303;4520;3
1112;-1;316;621;3
1115;-1;1327;2314;3
1123;-1;1015;1756;3
1124;-1;390;572;3
1184;-1;182;382;3
1170;-1;4427;7591;3
1148;-1;6233;11365;3
1177;-1;507;1010;3
1183;-1;520;780;3
1141;-1;11819;23138;3
1179;-1;1203;2082;3
1146;-1;1700;3016;3
1125;-1;434;656;3
1122;-1;6704;11577;3
1114;-1;1344;2356;3
1113;-1;2042;4076;3
1178;-1;258;572;3
1147;-1;1149;2320;3
1140;-1;13908;27087;3
1149;-1;3003;5874;3
1182;-1;179;354;3
1176;-1;213;642;3
1171;-1;3110;5622;3
1185;-1;152;338;3
1135;-1;264;360;3
1132;-1;882;1428;3
1104;-1;362;708;3
1103;-1;199;330;3
1157;-1;1264;2088;3
1168;-1;500;1106;3
1150;-1;622;1228;3
1166;-1;349;772;3
1192;-1;242;517;3
1159;-1;3726;6881;3
1195;-1;340;460;3
1161;-1;1486;1692;3
1102;-1;24;52;3
1105;-1;1550;3092;3
1133;-1;624;1024;3
1134;-1;338;512;3
1160;-1;13575;24430;3
1194;-1;757;1188;3
1193;-1;1020;2030;3
1167;-1;2838;3992;3
1158;-1;336;608;3
1151;-1;858;1660;3
1156;-1;1335;2472;3
1169;-1;1198;2237;3
1174;-1;281;552;3
1180;-1;531;1058;3
1187;-1;299;596;3
1173;-1;2572;4856;3
1145;-1;37637;73748;3
1189;-1;247;578;3
1142;-1;1322;2498;3
1116;-1;1155;2234;3
1129;-1;3351;6272;3
1111;-1;523;1038;3
1127;-1;354;520;3
1118;-1;10676;20408;3
1120;-1;65722;129881;3
1188;-1;279;538;3
1143;-1;3336;6574;3
1144;-1;3627;6736;3
1172;-1;1965;4928;3
1186;-1;729;1454;3
1181;-1;412;816;3
1175;-1;2344;4592;3
1121;-1;1062;1913;3
1126;-1;770;1316;3
1119;-1;863;1550;3
1110;-1;850;1687;3
1117;-1;1720;3424;3
1128;-1;718;1232;3
734;-1;1396;1816;3
733;-1;648;1296;3
705;-1;7910;15768;3
702;-1;1005;2000;3
769;-1;380;704;3
756;-1;300;600;3
751;-1;1442;2817;3
758;-1;104;400;3
767;-1;2695;5188;3
793;-1;81;98;3
794;-1;678;1232;3
760;-1;81;136;3
703;-1;588;1100;3
704;-1;408;812;3
732;-1;1088;2152;3
735;-1;720;1400;3
761;-1;104;210;3
795;-1;3018;5984;3
759;-1;118;232;3
792;-1;2413;4782;3
766;-1;472;1220;3
750;-1;472;948;3
768;-1;603;1158;3
757;-1;149;256;3
775;-1;545;961;3
781;-1;352;508;3
786;-1;641;1246;3
772;-1;136;204;3
744;-1;3721;7442;3
743;-1;512;1020;3
788;-1;320;612;3
728;-1;463;818;3
717;-1;18888;37283;3
710;-1;10936;21764;3
719;-1;624;1228;3
726;-1;417;817;3
721;-1;275;530;3
742;-1;256;508;3
789;-1;2446;4808;3
745;-1;830;1660;3
773;-1;136;204;3
787;-1;1373;2678;3
780;-1;312;468;3
774;-1;264;448;3
720;-1;318;678;3
718;-1;361;738;3
727;-1;681;1346;3
711;-1;9457;17701;3
729;-1;1780;3508;3
716;-1;4757;9573;3
799;-1;938;1789;3
752;-1;378;780;3
755;-1;196;400;3
797;-1;867;1719;3
763;-1;116;136;3
764;-1;72;121;3
790;-1;2912;5694;3
730;-1;9089;18714;3
737;-1;3783;7110;3
708;-1;1866;3668;3
701;-1;960;1900;3
706;-1;3162;9347;3
739;-1;794;1624;3
791;-1;2288;4508;3
765;-1;1005;1726;3
796;-1;12172;24253;3
754;-1;538;1252;3
798;-1;369;599;3
753;-1;1068;2105;3
707;-1;4325;8628;3
738;-1;413;700;3
700;-1;800;1504;3
736;-1;504;972;3
709;-1;6598;13168;3
731;-1;782;1560;3
713;-1;1023;2000;3
714;-1;526;1036;3
722;-1;812;1520;3
725;-1;262;516;3
785;-1;960;1788;3
771;-1;136;204;3
776;-1;880;1912;3
782;-1;40;46;3
749;-1;160;315;3
740;-1;4352;7556;3
747;-1;128;252;3
778;-1;46;90;3
724;-1;262;516;3
723;-1;5076;10136;3
715;-1;5548;11655;3
712;-1;4890;9314;3
746;-1;80;128;3
779;-1;660;1268;3
741;-1;722;1422;3
783;-1;66;120;3
777;-1;1051;1860;3
748;-1;1247;2490;3
770;-1;464;556;3
784;-1;24;36;3
1614;-1;390;776;3
1613;-1;282;560;3
1625;-1;672;1027;3
1622;-1;1054;2130;3
1649;-1;3163;3119;3
1676;-1;4031;8034;3
1682;-1;4492;8804;3
1685;-1;760;1344;3
1671;-1;119;113;3
1678;-1;642;1022;3
1647;-1;5211;9152;3
1640;-1;1002;2000;3
1623;-1;21013;40348;3
1624;-1;50184;100400;3
1612;-1;1282;2600;3
1615;-1;11923;22842;3
1641;-1;1256;2500;3
1679;-1;417;786;3
1646;-1;6529;10335;3
1670;-1;221;217;3
1684;-1;44;76;3
1648;-1;6645;7853;3
1683;-1;3000;5896;3
1677;-1;152;290;3
1655;-1;14752;16111;3
1652;-1;2274;3112;3
1699;-1;8130;15324;3
1664;-1;1049;1948;3
1690;-1;258;422;3
1697;-1;293;484;3
1663;-1;1638;1767;3
1608;-1;242;480;3
1637;-1;1002;2000;3
1630;-1;562;1120;3
1639;-1;2029;4000;3
1606;-1;2386;4750;3
1601;-1;6727;13450;3
1662;-1;9201;17394;3
1696;-1;2474;5010;3
1691;-1;2628;5232;3
1665;-1;7089;13409;3
1653;-1;26070;35805;3
1698;-1;1384;2632;3
1654;-1;5538;9290;3
1600;-1;416;828;3
1638;-1;8815;17640;3
1607;-1;802;1600;3
1631;-1;2064;3414;3
1609;-1;154;304;3
1636;-1;426;848;3
1686;-1;2474;4860;3
1672;-1;231;299;3
1675;-1;40;52;3
1681;-1;6540;13032;3
1688;-1;3248;6424;3
1643;-1;1800;3544;3
1644;-1;653;1201;3
1610;-1;6094;12192;3
1617;-1;912;1788;3
1628;-1;958;1500;3
1621;-1;400;724;3
1626;-1;117;190;3
1619;-1;810;1588;3
1645;-1;861;1734;3
1689;-1;316;624;3
1642;-1;238;360;3
1680;-1;360;708;3
1674;-1;50;78;3
1673;-1;80;86;3
1687;-1;237;393;3
1627;-1;1009;1998;3
1618;-1;23584;46784;3
1620;-1;301;888;3
1616;-1;8482;16820;3
1629;-1;2388;4284;3
1611;-1;1474;2944;3
1633;-1;1400;2653;3
1634;-1;5814;11562;3
1602;-1;1542;3080;3
1605;-1;89;168;3
1651;-1;1380;1337;3
1656;-1;9894;17091;3
1669;-1;636;1229;3
1694;-1;560;1104;3
1660;-1;2341;4217;3
1667;-1;508;1001;3
1693;-1;531;879;3
1658;-1;16857;16061;3
1604;-1;214;419;3
1603;-1;389;772;3
1635;-1;5092;10190;3
1632;-1;1264;2574;3
1692;-1;898;1502;3
1666;-1;851;1599;3
1659;-1;5804;10712;3
1661;-1;1344;2022;3
1695;-1;1718;3384;3
1657;-1;1321;2136;3
1668;-1;2718;5266;3
1650;-1;5137;5327;3
625;-1;3655;7019;3
622;-1;54;88;3
614;-1;336;684;3
613;-1;136;200;3
678;-1;1305;2216;3
647;-1;3645;6480;3
640;-1;3712;7346;3
649;-1;1094;1945;3
676;-1;485;910;3
682;-1;550;926;3
685;-1;280;550;3
671;-1;1190;2302;3
612;-1;437;1106;3
615;-1;2689;5410;3
623;-1;78;120;3
624;-1;46;76;3
670;-1;3285;6538;3
684;-1;27919;55745;3
648;-1;1238;2428;3
683;-1;502;932;3
677;-1;3330;6623;3
641;-1;1864;3600;3
679;-1;2003;3774;3
646;-1;227;360;3
664;-1;4651;9270;3
690;-1;180;374;3
697;-1;526;1036;3
663;-1;502;922;3
655;-1;364;704;3
652;-1;4950;10200;3
699;-1;557;1112;3
639;-1;23238;45776;3
606;-1;87;145;3
601;-1;9570;16036;3
608;-1;699;1314;3
637;-1;8636;16931;3
630;-1;4694;9011;3
653;-1;2162;4300;3
698;-1;3949;7507;3
654;-1;1064;2088;3
662;-1;460;828;3
696;-1;5548;11655;3
691;-1;8583;16488;3
665;-1;1847;3500;3
631;-1;47076;93412;3
609;-1;1137;2234;3
636;-1;8889;17465;3
600;-1;30546;59640;3
638;-1;3884;7584;3
607;-1;901;1709;3
688;-1;1977;3938;3
643;-1;1331;2392;3
644;-1;20116;39589;3
686;-1;879;1721;3
672;-1;140;252;3
675;-1;438;640;3
681;-1;630;1160;3
621;-1;778;1528;3
626;-1;4500;8660;3
619;-1;361;696;3
610;-1;4231;8478;3
617;-1;4440;8828;3
628;-1;10314;20186;3
680;-1;2823;5500;3
674;-1;7722;15199;3
673;-1;2897;5958;3
687;-1;800;1504;3
645;-1;362;266;3
689;-1;178;364;3
642;-1;496;1104;3
616;-1;14129;28358;3
629;-1;8225;16090;3
611;-1;87;200;3
627;-1;7445;13529;3
618;-1;1622;3232;3
620;-1;5584;11058;3
602;-1;5391;10766;3
605;-1;531;1300;3
633;-1;524;1728;3
634;-1;1372;2253;3
694;-1;2903;5667;3
660;-1;1085;3260;3
667;-1;767;1500;3
693;-1;196;259;3
658;-1;293;560;3
651;-1;91;130;3
656;-1;15763;31098;3
669;-1;1070;1832;3
635;-1;13705;25330;3
632;-1;1033;1934;3
604;-1;1316;2333;3
603;-1;166;328;3
657;-1;18283;36520;3
668;-1;1414;2538;3
650;-1;1460;2464;3
692;-1;3694;12652;3
666;-1;13440;26860;3
659;-1;1181;2291;3
661;-1;370;668;3
695;-1;9880;19712;3
1705;-1;48;72;3
1702;-1;88;100;3
1734;-1;110;216;3
1733;-1;1500;2988;3
1758;-1;774;1520;3
1767;-1;2591;5109;3
1793;-1;206;372;3
1794;-1;294;544;3
1760;-1;12306;24600;3
1769;-1;46;76;3
1756;-1;397;758;3
1751;-1;228;284;3
1732;-1;300;575;3
1735;-1;559;1022;3
1703;-1;156;276;3
1704;-1;3884;7638;3
1750;-1;228;356;3
1768;-1;4269;6365;3
1757;-1;564;1118;3
1761;-1;378;744;3
1795;-1;691;1348;3
1759;-1;424;840;3
1792;-1;68;132;3
1766;-1;29;43;3
1744;-1;240;476;3
1743;-1;287;523;3
1788;-1;494;916;3
1775;-1;396;760;3
1781;-1;15765;24713;3
1786;-1;11059;21830;3
1772;-1;17301;34133;3
1719;-1;88;98;3
1726;-1;128;183;3
1721;-1;716;1446;3
1728;-1;2018;3790;3
1717;-1;858;1617;3
1710;-1;522;990;3
1773;-1;2503;4217;3
1787;-1;28696;29792;3
1780;-1;14977;23394;3
1774;-1;284;754;3
1742;-1;12696;21501;3
1789;-1;408;804;3
1745;-1;342;684;3
1711;-1;68;132;3
1729;-1;336;564;3
1716;-1;2447;4410;3
1720;-1;716;1328;3
1718;-1;2695;4338;3
1727;-1;3724;7332;3
1797;-1;5714;11756;3
1763;-1;562;1060;3
1764;-1;668;1092;3
1790;-1;1284;2516;3
1799;-1;398;768;3
1752;-1;986;1644;3
1755;-1;92583;185092;3
1701;-1;28;46;3
1706;-1;31;29;3
1739;-1;2128;3886;3
1730;-1;336;564;3
1737;-1;17136;29988;3
1708;-1;16;16;3
1754;-1;288;564;3
1798;-1;1799;3378;3
1753;-1;1177;2118;3
1791;-1;194;322;3
1765;-1;28;30;3
1762;-1;1128;1707;3
1796;-1;240;408;3
1736;-1;366;684;3
1709;-1;18;18;3
1731;-1;1974;4084;3
1707;-1;456;894;3
1738;-1;28;52;3
1700;-1;1740;3318;3
1722;-1;1336;2620;3
1725;-1;3232;6406;3
1713;-1;6044;11464;3
1714;-1;871;1772;3
1740;-1;1763;3265;3
1747;-1;260;698;3
1778;-1;5026;9528;3
1785;-1;2598;4556;3
1771;-1;2674;5270;3
1776;-1;270;538;3
1782;-1;4891;9617;3
1749;-1;986;3012;3
1715;-1;676;1314;3
1712;-1;1724;3468;3
1724;-1;124;252;3
1723;-1;128;252;3
1783;-1;936;1234;3
1777;-1;325;618;3
1748;-1;34;60;3
1770;-1;2986;5666;3
1784;-1;2964;7017;3
1746;-1;502;1000;3
1779;-1;2448;4704;3
1741;-1;1842;3638;3
196;-1;4049;7763;3
162;-1;3581;6988;3
165;-1;506;1748;3
191;-1;124;264;3
153;-1;10333;18860;3
198;-1;4657;19582;3
154;-1;445;730;3
100;-1;606;1208;3
138;-1;7401;14776;3
107;-1;3051;6052;3
131;-1;2012;3012;3
109;-1;1288;2568;3
136;-1;469;869;3
155;-1;1290;2576;3
152;-1;10694;20512;3
199;-1;6540;12936;3
190;-1;1022;1777;3
164;-1;728;1396;3
163;-1;120;208;3
197;-1;2010;3012;3
108;-1;11105;22258;3
137;-1;1636;3254;3
130;-1;1025;1865;3
139;-1;12180;24200;3
106;-1;346;690;3
101;-1;1143;2204;3
123;-1;474;890;3
124;-1;473;862;3
112;-1;7691;15294;3
115;-1;2873;5399;3
141;-1;2012;3012;3
179;-1;10735;21422;3
146;-1;2244;3460;3
184;-1;441;826;3
170;-1;16052;32042;3
148;-1;3964;7707;3
177;-1;116;185;3
183;-1;3618;7124;3
114;-1;2910;5418;3
113;-1;6100;11092;3
125;-1;1250;2500;3
122;-1;443;830;3
149;-1;17342;34666;3
182;-1;11090;22190;3
176;-1;708;1288;3
171;-1;614;1094;3
185;-1;493;919;3
178;-1;14603;29202;3
147;-1;4677;8559;3
140;-1;9061;18110;3
104;-1;233;462;3
103;-1;16049;31432;3
135;-1;498;919;3
132;-1;2537;4049;3
166;-1;476;1698;3
192;-1;450;837;3
159;-1;533;998;3
195;-1;22608;44050;3
161;-1;495;839;3
157;-1;747;1430;3
168;-1;2640;5476;3
150;-1;2001;3012;3
133;-1;2344;4253;3
134;-1;1962;3615;3
102;-1;127;226;3
105;-1;146;260;3
151;-1;2996;5954;3
156;-1;16776;33324;3
169;-1;1059;2001;3
160;-1;894;1627;3
194;-1;2244;3460;3
193;-1;8622;17298;3
167;-1;435;856;3
158;-1;521;935;3
145;-1;12758;25506;3
189;-1;309;526;3
142;-1;9242;16329;3
174;-1;1196;2308;3
180;-1;15088;29960;3
187;-1;1618;3128;3
173;-1;1003;1702;3
127;-1;756;1796;3
118;-1;472;888;3
120;-1;467;870;3
116;-1;26926;51956;3
129;-1;1871;8364;3
111;-1;1238;2442;3
172;-1;745;1413;3
186;-1;375;564;3
181;-1;8520;16916;3
175;-1;660;1079;3
188;-1;1863;3360;3
143;-1;5647;10817;3
144;-1;676;1302;3
110;-1;453;902;3
117;-1;2284;4316;3
128;-1;458;853;3
121;-1;471;882;3
126;-1;577;1018;3
119;-1;450;837;3
1042;-1;19240;15578;3
1089;-1;170;264;3
1045;-1;13331;10170;3
1087;-1;18168;14426;3
1073;-1;8197;10218;3
1074;-1;4806;4806;3
1080;-1;17782;7779;3
1020;-1;18348;30014;3
1018;-1;11666;15091;3
1027;-1;3855;5054;3
1011;-1;7529;10680;3
1029;-1;316;548;3
1016;-1;5307;7909;3
1081;-1;12847;10145;3
1075;-1;574;1132;3
1072;-1;1356;1296;3
1086;-1;6247;6856;3
1044;-1;5544;3702;3
1043;-1;22578;14248;3
1088;-1;29152;41005;3
1028;-1;11200;12840;3
1017;-1;13312;20016;3
1010;-1;6257;7196;3
1019;-1;16590;21551;3
1026;-1;1522;2064;3
1021;-1;7641;11540;3
1003;-1;8453;10544;3
1004;-1;13242;17357;3
1032;-1;96;156;3
1035;-1;1787;3360;3
1095;-1;1303;1445;3
1061;-1;1078;1956;3
1059;-1;1058;1916;3
1066;-1;1904;2042;3
1092;-1;337;638;3
1050;-1;5410;4629;3
1068;-1;1366;1892;3
1057;-1;1366;2212;3
1034;-1;228;426;3
1033;-1;197;480;3
1005;-1;17834;19610;3
1002;-1;8260;10184;3
1069;-1;18418;17436;3
1056;-1;16685;18170;3
1051;-1;5457;4288;3
1058;-1;1086;1972;3
1093;-1;1197;1954;3
1067;-1;1058;1756;3
1060;-1;570;940;3
1094;-1;1287;1440;3
1024;-1;22423;32733;3
1023;-1;2659;3236;3
1015;-1;1325;2111;3
1012;-1;2950;4292;3
1046;-1;12581;23234;3
1079;-1;155;260;3
1041;-1;39587;34578;3
1077;-1;832;1471;3
1083;-1;42568;36512;3
1048;-1;45499;43530;3
1084;-1;28394;29426;3
1070;-1;1194;1134;3
1013;-1;6365;7424;3
1014;-1;16404;20144;3
1022;-1;7882;10842;3
1025;-1;6696;10794;3
1071;-1;1086;1812;3
1085;-1;42568;36512;3
1082;-1;82;140;3
1076;-1;17884;15303;3
1049;-1;19248;10668;3
1040;-1;5544;1872;3
1047;-1;37716;36764;3
1078;-1;724;696;3
1065;-1;3007;1610;3
1091;-1;2457;3814;3
1096;-1;835;1376;3
1062;-1;334;692;3
1054;-1;12752;6042;3
1098;-1;3441;3701;3
1053;-1;12581;23234;3
1007;-1;7930;8864;3
1038;-1;6510;12368;3
1000;-1;19105;26032;3
1036;-1;234;401;3
1009;-1;5348;6764;3
1031;-1;729;1284;3
1099;-1;302;600;3
1052;-1;342;186;3
1055;-1;31668;17804;3
1063;-1;470;932;3
1097;-1;35;31;3
1090;-1;5482;10928;3
1064;-1;2681;1800;3
1030;-1;395;692;3
1037;-1;959;2254;3
1008;-1;5383;7952;3
1001;-1;11431;16584;3
1006;-1;16333;25760;3
1039;-1;4374;7625;3
884;-1;274;532;3
870;-1;48;92;3
848;-1;342;680;3
877;-1;56;84;3
883;-1;96;172;3
841;-1;36;68;3
879;-1;276;556;3
846;-1;1101;2098;3
812;-1;257;434;3
815;-1;341;546;3
823;-1;440;812;3
824;-1;678;1266;3
878;-1;320;534;3
847;-1;158;244;3
840;-1;94;180;3
849;-1;128;192;3
882;-1;598;1072;3
876;-1;44;52;3
871;-1;60;184;3
885;-1;232;408;3
825;-1;319;598;3
822;-1;967;1906;3
814;-1;341;546;3
813;-1;257;434;3
831;-1;448;900;3
809;-1;120;180;3
836;-1;28;44;3
800;-1;116;190;3
838;-1;2162;4292;3
807;-1;104;184;3
853;-1;100;228;3
898;-1;288;348;3
854;-1;96;204;3
896;-1;144;160;3
862;-1;544;1024;3
865;-1;255;318;3
891;-1;190;360;3
839;-1;540;1064;3
806;-1;472;912;3
801;-1;8188;16268;3
808;-1;842;1344;3
837;-1;15969;31054;3
830;-1;238;420;3
890;-1;508;979;3
864;-1;323;406;3
863;-1;289;362;3
897;-1;128;152;3
855;-1;46;44;3
852;-1;104;228;3
899;-1;288;348;3
816;-1;341;546;3
829;-1;540;1032;3
811;-1;257;434;3
827;-1;88;132;3
818;-1;76;120;3
820;-1;132;208;3
874;-1;68;88;3
880;-1;44;52;3
887;-1;340;616;3
873;-1;679;1206;3
845;-1;60;88;3
889;-1;511;1018;3
842;-1;1367;2263;3
821;-1;349;680;3
826;-1;600;1144;3
819;-1;398;664;3
810;-1;775;1494;3
817;-1;368;688;3
828;-1;713;1378;3
888;-1;36;60;3
843;-1;8085;15128;3
844;-1;200;324;3
872;-1;2229;4413;3
886;-1;996;2432;3
881;-1;60;86;3
875;-1;528;744;3
857;-1;112;168;3
868;-1;112;180;3
850;-1;184;300;3
866;-1;221;274;3
892;-1;174;288;3
859;-1;2556;4716;3
895;-1;80;100;3
861;-1;150;232;3
835;-1;257;390;3
832;-1;1970;3398;3
804;-1;326;552;3
803;-1;1318;2481;3
860;-1;56;84;3
894;-1;80;100;3
893;-1;184;292;3
867;-1;72;108;3
858;-1;48;28;3
851;-1;68;120;3
856;-1;64;96;3
869;-1;2260;4261;3
802;-1;178;206;3
805;-1;151;290;3
833;-1;350;550;3
834;-1;164;280;3
417;-1;977;1818;3
428;-1;8632;14240;3
410;-1;1217;2076;3
426;-1;3995;7106;3
419;-1;112;196;3
421;-1;6853;11000;3
481;-1;473;760;3
475;-1;112;178;3
472;-1;358;704;3
486;-1;2101;3894;3
444;-1;3508;6208;3
488;-1;144;284;3
443;-1;284;417;3
420;-1;7226;12960;3
427;-1;8469;16975;3
418;-1;1576;2836;3
411;-1;1952;3922;3
416;-1;7056;13542;3
429;-1;14312;27982;3
489;-1;558;1055;3
442;-1;26784;38276;3
445;-1;2020;3536;3
487;-1;133;290;3
473;-1;124;216;3
474;-1;1361;2670;3
480;-1;288;444;3
456;-1;607;703;3
469;-1;1702;3346;3
451;-1;905;1696;3
493;-1;3404;6872;3
467;-1;8334;16159;3
458;-1;958;1760;3
460;-1;4748;8520;3
494;-1;770;1536;3
434;-1;22;26;3
433;-1;2380;4236;3
405;-1;21009;41835;3
402;-1;21288;41681;3
495;-1;1401;2750;3
461;-1;816;1587;3
466;-1;36790;66620;3
492;-1;360;728;3
459;-1;10;16;3
450;-1;781;1879;3
457;-1;284;417;3
468;-1;2747;5898;3
403;-1;44023;89968;3
404;-1;1054;2752;3
432;-1;722;1207;3
435;-1;119;251;3
471;-1;118;248;3
485;-1;526;936;3
449;-1;221;328;3
482;-1;542;950;3
476;-1;211;344;3
440;-1;411;906;3
478;-1;1750;2980;3
447;-1;1455;2370;3
413;-1;3749;7282;3
414;-1;1056;1944;3
422;-1;308;524;3
425;-1;4742;5485;3
479;-1;648;1056;3
446;-1;20624;35236;3
441;-1;2086;2283;3
448;-1;762;1530;3
477;-1;1047;1708;3
483;-1;371;620;3
484;-1;460;888;3
470;-1;14464;28566;3
424;-1;2093;3957;3
423;-1;35;48;3
415;-1;508;966;3
412;-1;1990;2820;3
430;-1;1686;2832;3
408;-1;1252;2405;3
437;-1;40025;77387;3
401;-1;6936;13373;3
439;-1;356;532;3
406;-1;7328;13978;3
452;-1;2557;5111;3
499;-1;339;636;3
455;-1;52;70;3
463;-1;2022;3672;3
497;-1;3008;6012;3
490;-1;574;1076;3
464;-1;8301;12810;3
438;-1;10;19;3
407;-1;229;404;3
400;-1;488;840;3
409;-1;1509;2027;3
436;-1;220;240;3
431;-1;966;1275;3
465;-1;2335;4363;3
491;-1;544;997;3
496;-1;502;1000;3
462;-1;25;22;3
454;-1;200;216;3
453;-1;2385;5116;3
498;-1;380;720;3
1537;-1;381;1416;3
1508;-1;4336;10492;3
1530;-1;1268;2286;3
1506;-1;4284;7879;3
1539;-1;8254;16515;3
1501;-1;23868;47613;3
1555;-1;16607;30255;3
1599;-1;250;496;3
1552;-1;5247;10474;3
1590;-1;7658;14804;3
1564;-1;1346;2697;3
1563;-1;616;1114;3
1597;-1;9978;22448;3
1500;-1;1644;3260;3
1507;-1;6514;12769;3
1538;-1;1830;3640;3
1531;-1;2170;4060;3
1536;-1;1503;3653;3
1509;-1;47558;95045;3
1596;-1;16803;33047;3
1562;-1;12016;21840;3
1565;-1;9011;14948;3
1591;-1;7339;14472;3
1598;-1;1182;2360;3
1553;-1;1239;1915;3
1554;-1;1558;3762;3
1582;-1;8239;16328;3
1576;-1;3519;7038;3
1549;-1;381;1416;3
1571;-1;12792;23350;3
1585;-1;5303;10241;3
1547;-1;249;440;3
1578;-1;333;574;3
1540;-1;8492;16860;3
1514;-1;18662;36856;3
1513;-1;13106;20844;3
1525;-1;10545;21450;3
1522;-1;2676;4713;3
1541;-1;72974;146629;3
1546;-1;9068;15012;3
1579;-1;6906;13359;3
1584;-1;174;316;3
1570;-1;1445;3479;3
1577;-1;4946;9918;3
1583;-1;309;573;3
1548;-1;8278;14914;3
1523;-1;1830;3640;3
1524;-1;1517;3014;3
1512;-1;6816;11468;3
1515;-1;250;391;3
1551;-1;18528;35465;3
1569;-1;9585;16122;3
1556;-1;35131;119540;3
1560;-1;21686;43584;3
1594;-1;12623;24718;3
1558;-1;6943;11791;3
1593;-1;25650;50984;3
1567;-1;162;216;3
1533;-1;7374;14462;3
1534;-1;14924;36397;3
1502;-1;4970;7120;3
1505;-1;10969;21007;3
1559;-1;15606;30000;3
1566;-1;23624;46968;3
1592;-1;3287;5968;3
1595;-1;60671;121343;3
1561;-1;332;558;3
1568;-1;4941;10000;3
1557;-1;8489;16656;3
1550;-1;9369;17526;3
1504;-1;1621;3269;3
1503;-1;24786;50685;3
1535;-1;15178;29304;3
1532;-1;132;134;3
1510;-1;54710;109357;3
1528;-1;18656;37254;3
1517;-1;3956;7448;3
1521;-1;308;580;3
1519;-1;4275;7958;3
1526;-1;320;560;3
1572;-1;9614;18340;3
1586;-1;5520;10614;3
1581;-1;11299;22000;3
1575;-1;47209;92176;3
1543;-1;386;548;3
1588;-1;4400;7716;3
1544;-1;60326;116378;3
1518;-1;7486;14482;3
1527;-1;7315;14450;3
1520;-1;378;904;3
1529;-1;4168;7412;3
1516;-1;12279;24863;3
1511;-1;10828;20577;3
1545;-1;8278;14914;3
1542;-1;4384;7414;3
1589;-1;3782;7223;3
1574;-1;3780;7402;3
1580;-1;1400;2568;3
1587;-1;4658;8999;3
1573;-1;1461;2788;3
350;-1;2034;3946;3
357;-1;193;384;3
368;-1;2991;5728;3
361;-1;295;557;3
395;-1;630;696;3
392;-1;33;80;3
366;-1;3009;5951;3
359;-1;314;615;3
332;-1;1198;2392;3
335;-1;7929;15855;3
303;-1;160940;316498;3
304;-1;19324;37922;3
367;-1;977;1852;3
393;-1;241;326;3
358;-1;1173;2260;3
394;-1;750;1246;3
360;-1;270;536;3
356;-1;692;1380;3
369;-1;9843;19492;3
351;-1;882;1646;3
305;-1;1174;2158;3
302;-1;2081;3972;3
334;-1;114;204;3
333;-1;1023;2043;3
311;-1;3300;6468;3
316;-1;3529;6668;3
329;-1;6191;12378;3
320;-1;794;1447;3
327;-1;386;768;3
318;-1;2278;4356;3
373;-1;1594;3166;3
387;-1;844;1668;3
380;-1;702;1243;3
374;-1;886;1770;3
389;-1;2509;5170;3
342;-1;1543;2688;3
345;-1;2687;4801;3
326;-1;1521;2828;3
319;-1;2342;4374;3
321;-1;7013;13338;3
317;-1;787;1440;3
328;-1;6038;12072;3
310;-1;2045;3984;3
344;-1;1996;3564;3
388;-1;232;452;3
343;-1;1984;3747;3
375;-1;711;1417;3
381;-1;10952;22104;3
386;-1;532;1008;3
372;-1;711;1419;3
309;-1;2017;3961;3
336;-1;1557;3110;3
331;-1;421;837;3
338;-1;1547;3090;3
307;-1;1581;2955;3
300;-1;889;1654;3
354;-1;216;426;3
353;-1;7896;15788;3
398;-1;498;946;3
391;-1;246;274;3
365;-1;17666;35328;3
362;-1;186;360;3
396;-1;445;470;3
301;-1;17526;34333;3
339;-1;2248;4466;3
306;-1;3390;6226;3
330;-1;799;1710;3
308;-1;2307;4452;3
337;-1;1925;3846;3
397;-1;1362;2680;3
363;-1;1884;3604;3
364;-1;263;465;3
390;-1;40;45;3
352;-1;664;1197;3
399;-1;7530;13542;3
355;-1;17358;34712;3
348;-1;9166;18008;3
383;-1;2328;4460;3
377;-1;1306;2294;3
370;-1;5641;10543;3
384;-1;2984;4686;3
379;-1;621;1246;3
346;-1;484;919;3
341;-1;1884;3604;3
315;-1;3071;5949;3
312;-1;2085;4052;3
324;-1;25001;49998;3
323;-1;43386;86361;3
340;-1;1426;2790;3
378;-1;7172;14208;3
347;-1;906;2070;3
385;-1;674;918;3
371;-1;30743;61334;3
349;-1;26749;51893;3
376;-1;698;1243;3
382;-1;252;400;3
322;-1;786;1406;3
325;-1;1546;2878;3
313;-1;2551;4920;3
314;-1;3651;7055;3
1270;-1;295;452;3
1284;-1;6334;11608;3
1283;-1;275;368;3
1277;-1;2239;4224;3
1248;-1;296;558;3
1241;-1;480;720;3
1246;-1;366;784;3
1279;-1;734;1204;3
1212;-1;1173;2513;3
1215;-1;162;308;3
1223;-1;1117;2230;3
1224;-1;559;944;3
1247;-1;777;1546;3
1278;-1;2304;4344;3
1240;-1;182;378;3
1276;-1;236;256;3
1282;-1;368;608;3
1249;-1;310;616;3
1285;-1;802;1408;3
1271;-1;328;524;3
1225;-1;183;340;3
1222;-1;332;612;3
1214;-1;887;1752;3
1213;-1;254;504;3
1231;-1;79;132;3
1236;-1;396;828;3
1209;-1;244;480;3
1200;-1;197;450;3
1207;-1;412;669;3
1238;-1;196;396;3
1298;-1;301;542;3
1253;-1;348;476;3
1254;-1;46686;88241;3
1262;-1;646;1032;3
1296;-1;250;408;3
1291;-1;272;444;3
1265;-1;423;680;3
1206;-1;99;134;3
1239;-1;428;676;3
1201;-1;6769;11310;3
1237;-1;212;480;3
1208;-1;308;519;3
1230;-1;2360;4325;3
1264;-1;1144;1996;3
1290;-1;279;372;3
1297;-1;640;1044;3
1263;-1;1244;2092;3
1255;-1;3167;6441;3
1299;-1;210;264;3
1252;-1;3072;4854;3
1229;-1;3388;6422;3
1216;-1;879;1754;3
1211;-1;486;852;3
1218;-1;274;400;3
1227;-1;265;324;3
1220;-1;437;862;3
1280;-1;249;324;3
1274;-1;426;684;3
1273;-1;475;924;3
1287;-1;714;1188;3
1245;-1;215;426;3
1242;-1;380;608;3
1289;-1;5078;9746;3
1221;-1;372;688;3
1219;-1;185;364;3
1226;-1;161;318;3
1210;-1;577;1145;3
1228;-1;329;368;3
1217;-1;305;594;3
1243;-1;282;596;3
1288;-1;1502;2674;3
1244;-1;186;442;3
1286;-1;334;428;3
1272;-1;6627;11580;3
1275;-1;204;272;3
1281;-1;415;692;3
1268;-1;240;376;3
1257;-1;8812;17370;3
1250;-1;2539;4970;3
1259;-1;6769;11310;3
1292;-1;2911;5036;3
1266;-1;3408;5808;3
1261;-1;431;652;3
1295;-1;204;244;3
1235;-1;193;376;3
1232;-1;203;418;3
1204;-1;277;588;3
1203;-1;438;874;3
1294;-1;257;352;3
1260;-1;6906;14563;3
1258;-1;2178;3588;3
1267;-1;230;335;3
1293;-1;906;1540;3
1251;-1;1198;2237;3
1269;-1;230;272;3
1256;-1;9398;18363;3
1202;-1;688;1332;3
1205;-1;369;556;3
1233;-1;233;516;3
1234;-1;236;492;3
241;-1;589;874;3
246;-1;583;886;3
279;-1;275;524;3
270;-1;4126;8368;3
284;-1;18390;36758;3
283;-1;17533;35414;3
277;-1;445;874;3
248;-1;518;897;3
223;-1;10473;20895;3
224;-1;9660;19219;3
212;-1;1290;2576;3
215;-1;689;1341;3
276;-1;2309;4587;3
282;-1;1848;3587;3
249;-1;7970;15874;3
285;-1;11162;22403;3
271;-1;8382;16564;3
247;-1;18472;51119;3
278;-1;359;646;3
240;-1;716;1352;3
214;-1;1739;3519;3
213;-1;409;760;3
225;-1;18337;36118;3
222;-1;17639;34584;3
200;-1;1350;2547;3
207;-1;3238;5926;3
238;-1;559;880;3
231;-1;13022;24959;3
236;-1;2841;5537;3
209;-1;417;1296;3
262;-1;470;880;3
296;-1;800;1458;3
291;-1;1831;3540;3
265;-1;16267;32530;3
298;-1;794;1447;3
253;-1;11806;23197;3
254;-1;16082;31221;3
237;-1;480;956;3
208;-1;349;694;3
230;-1;14796;28711;3
206;-1;3109;6102;3
239;-1;551;831;3
201;-1;16287;32574;3
255;-1;16870;35327;3
299;-1;44261;87892;3
252;-1;9698;19304;3
264;-1;8798;17547;3
290;-1;790;1420;3
297;-1;786;1406;3
263;-1;478;899;3
218;-1;947;1862;3
227;-1;7015;15968;3
220;-1;12911;25465;3
229;-1;18153;35742;3
216;-1;9272;17521;3
211;-1;2640;5476;3
245;-1;574;862;3
242;-1;598;880;3
289;-1;2751;5218;3
280;-1;2894;5504;3
274;-1;23984;47904;3
273;-1;485;942;3
287;-1;32622;65035;3
210;-1;210;404;3
228;-1;15201;33532;3
217;-1;955;1835;3
221;-1;10576;21121;3
219;-1;178;616;3
226;-1;6368;12712;3
286;-1;4004;8066;3
272;-1;4640;9039;3
275;-1;20586;41168;3
281;-1;10119;20198;3
243;-1;568;857;3
288;-1;618;1208;3
244;-1;540;842;3
259;-1;402;728;3
292;-1;430;808;3
266;-1;1092;2168;3
261;-1;481;895;3
295;-1;472;896;3
268;-1;252;484;3
257;-1;372;721;3
250;-1;10589;20349;3
204;-1;1224;2338;3
203;-1;477;938;3
235;-1;408;812;3
232;-1;429;854;3
251;-1;8077;16126;3
269;-1;16996;33988;3
256;-1;7303;14424;3
294;-1;939;1790;3
260;-1;1068;2102;3
258;-1;12410;24119;3
267;-1;4480;7774;3
293;-1;941;1794;3
233;-1;747;1430;3
234;-1;529;992;3
202;-1;148;228;3
205;-1;662;1242;3
1361;-1;1038;2008;3
1395;-1;818;1221;3
1392;-1;14112;26014;3
1366;-1;568;1067;3
1359;-1;265;508;3
1350;-1;1097;1976;3
1357;-1;9664;32216;3
1368;-1;31275;59746;3
1303;-1;234;401;3
1304;-1;1066;2094;3
1332;-1;496;923;3
1335;-1;321;626;3
1356;-1;1946;3301;3
1369;-1;1004;1720;3
1351;-1;12987;24466;3
1367;-1;26324;51359;3
1393;-1;1020;1899;3
1358;-1;1196;1989;3
1394;-1;10249;19698;3
1360;-1;2904;4231;3
1334;-1;267;524;3
1333;-1;439;900;3
1305;-1;7105;14168;3
1302;-1;1058;1882;3
1320;-1;7818;14166;3
1327;-1;7851;14167;3
1318;-1;1162;2056;3
1311;-1;1006;2008;3
1316;-1;396;682;3
1329;-1;665;1243;3
1389;-1;563;1140;3
1342;-1;1252;2305;3
1345;-1;3174;6000;3
1373;-1;6098;11598;3
1387;-1;225;446;3
1380;-1;11926;20996;3
1374;-1;8080;15517;3
1317;-1;1176;2060;3
1328;-1;3218;6448;3
1310;-1;1362;2668;3
1326;-1;1545;2709;3
1319;-1;598;1004;3
1321;-1;2752;5138;3
1375;-1;1694;3431;3
1381;-1;14225;28037;3
1386;-1;1707;3384;3
1372;-1;3366;6344;3
1344;-1;1093;1930;3
1388;-1;422;789;3
1343;-1;178;344;3
1338;-1;8761;16960;3
1307;-1;18454;34708;3
1300;-1;39;76;3
1309;-1;2046;3460;3
1336;-1;1201;2319;3
1331;-1;51;51;3
1391;-1;1638;2978;3
1365;-1;718;1196;3
1362;-1;13685;22929;3
1396;-1;1353;2476;3
1354;-1;5724;11368;3
1353;-1;2124;4147;3
1398;-1;4509;8748;3
1330;-1;294;578;3
1308;-1;58392;116777;3
1337;-1;201;340;3
1301;-1;74;144;3
1339;-1;1878;6173;3
1306;-1;8547;17806;3
1352;-1;3298;6348;3
1399;-1;357;613;3
1355;-1;7730;13354;3
1397;-1;10067;18674;3
1363;-1;28709;36002;3
1364;-1;9018;18251;3
1390;-1;2097;3941;3
1379;-1;1018;1858;3
1346;-1;742;1375;3
1341;-1;425;824;3
1348;-1;795;1382;3
1383;-1;8722;31296;3
1377;-1;122010;205083;3
1370;-1;1748;3401;3
1384;-1;3820;7460;3
1324;-1;50904;98664;3
1323;-1;6136;10670;3
1315;-1;510;844;3
1312;-1;222;368;3
1385;-1;11132;20663;3
1371;-1;1558;2565;3
1349;-1;432;640;3
1376;-1;467;944;3
1382;-1;7006;14044;3
1340;-1;778;1457;3
1378;-1;2059;3804;3
1347;-1;3055;6274;3
1313;-1;1610;2952;3
1314;-1;1644;2996;3
1322;-1;675;1270;3
1325;-1;1545;2438;3
506;-1;8692;17597;3
539;-1;2526;5004;3
501;-1;1072;2000;3
537;-1;504;1008;3
508;-1;998;1988;3
530;-1;258;512;3
590;-1;4461;8024;3
564;-1;2175;3552;3
563;-1;152;258;3
597;-1;340;660;3
555;-1;591;1063;3
599;-1;2407;4500;3
552;-1;341;636;3
531;-1;1296;2592;3
536;-1;4578;9152;3
509;-1;5894;11812;3
500;-1;71;138;3
507;-1;3330;6656;3
538;-1;301;638;3
598;-1;727;1148;3
553;-1;376;760;3
554;-1;163;294;3
596;-1;128;224;3
562;-1;295;556;3
565;-1;852;1576;3
591;-1;3185;6381;3
547;-1;529;1000;3
578;-1;716;1010;3
540;-1;304;604;3
582;-1;196;848;3
576;-1;234;154;3
549;-1;829;1543;3
571;-1;122;192;3
585;-1;1714;3416;3
525;-1;711;1285;3
522;-1;1384;2648;3
514;-1;49;59;3
513;-1;17744;35488;3
584;-1;2100;4100;3
570;-1;408;1014;3
577;-1;172;118;3
583;-1;432;840;3
548;-1;56;104;3
541;-1;312;1196;3
546;-1;1002;2000;3
579;-1;384;576;3
512;-1;94;188;3
515;-1;94;168;3
523;-1;4798;9244;3
524;-1;2349;4830;3
560;-1;4284;8224;3
594;-1;3469;9070;3
558;-1;28;40;3
593;-1;686;1352;3
567;-1;1786;2040;3
551;-1;2393;3712;3
569;-1;268;475;3
556;-1;94;164;3
502;-1;752;1500;3
505;-1;5190;10370;3
533;-1;32;68;3
534;-1;241;480;3
568;-1;64;104;3
557;-1;16;28;3
550;-1;64;96;3
559;-1;395;749;3
566;-1;337;608;3
592;-1;1928;3720;3
595;-1;19092;38141;3
561;-1;158;272;3
535;-1;176;320;3
532;-1;240;480;3
504;-1;1725;3450;3
503;-1;799;1550;3
521;-1;6699;9507;3
519;-1;134;264;3
526;-1;120;226;3
510;-1;2661;5252;3
528;-1;3128;6132;3
517;-1;70;112;3
543;-1;624;1196;3
588;-1;3353;6599;3
544;-1;1002;2000;3
572;-1;981;1851;3
586;-1;696;1372;3
581;-1;220;868;3
575;-1;192;130;3
529;-1;1750;3121;3
516;-1;70;110;3
511;-1;294;790;3
518;-1;1132;2220;3
527;-1;176;348;3
520;-1;150;272;3
574;-1;112;82;3
580;-1;2198;4155;3
587;-1;4129;8240;3
573;-1;1247;2472;3
545;-1;402;800;3
542;-1;296;572;3
589;-1;2354;4046;3
1426;-1;27275;53728;3
1419;-1;2338;4420;3
1421;-1;2476;4188;3
1417;-1;9538;17822;3
1428;-1;817;1083;3
1410;-1;5986;9528;3
1444;-1;6251;11722;3
1488;-1;4952;9223;3
1443;-1;33376;65182;3
1481;-1;547;1038;3
1475;-1;6049;12065;3
1472;-1;524;846;3
1486;-1;5911;11230;3
1411;-1;794;1368;3
1416;-1;11060;20920;3
1429;-1;749;1039;3
1420;-1;10210;19631;3
1427;-1;757;1084;3
1418;-1;486;760;3
1487;-1;7454;15436;3
1473;-1;2192;4448;3
1474;-1;2811;4454;3
1480;-1;9543;18238;3
1489;-1;1684;3352;3
1442;-1;6859;12554;3
1445;-1;3516;7029;3
1493;-1;59207;116955;3
1467;-1;574;1076;3
1458;-1;2509;4698;3
1460;-1;4892;9510;3
1494;-1;830;2016;3
1456;-1;497;935;3
1469;-1;1724;3176;3
1451;-1;775;1498;3
1405;-1;209;616;3
1402;-1;209;616;3
1434;-1;600;1077;3
1433;-1;926;1227;3
1450;-1;98;156;3
1457;-1;2333;4485;3
1468;-1;467;684;3
1495;-1;6870;13402;3
1461;-1;12526;23024;3
1466;-1;9736;18939;3
1492;-1;5914;10880;3
1459;-1;331;531;3
1432;-1;573;822;3
1435;-1;4241;4887;3
1403;-1;890;1680;3
1404;-1;33182;62933;3
1440;-1;4230;5977;3
1478;-1;2769;5049;3
1447;-1;3189;6000;3
1471;-1;2511;3552;3
1485;-1;6148;12263;3
1449;-1;330;660;3
1482;-1;15291;29064;3
1476;-1;436;916;3
1422;-1;1289;1762;3
1425;-1;6350;12533;3
1413;-1;324;566;3
1414;-1;10241;19743;3
1448;-1;182;328;3
1477;-1;22682;44727;3
1483;-1;46407;90616;3
1484;-1;118;180;3
1470;-1;145;270;3
1479;-1;12097;22065;3
1446;-1;6122;10530;3
1441;-1;3153;4116;3
1415;-1;6385;12561;3
1412;-1;4461;6962;3
1424;-1;760;1244;3
1423;-1;15183;13902;3
1401;-1;13910;27535;3
1439;-1;428;848;3
1406;-1;259;894;3
1430;-1;774;1032;3
1408;-1;1293;2496;3
1437;-1;658;930;3
1463;-1;629;1236;3
1497;-1;3655;7234;3
1490;-1;2868;5566;3
1464;-1;2873;5534;3
1452;-1;776;1452;3
1499;-1;15465;31813;3
1455;-1;314;576;3
1409;-1;769;1277;3
1436;-1;1704;3340;3
1431;-1;674;960;3
1438;-1;1309;2454;3
1407;-1;3099;6073;3
1400;-1;3574;5323;3
1454;-1;325;598;3
1453;-1;7994;15870;3
1498;-1;5514;10500;3
1465;-1;6923;10583;3
1491;-1;55694;116942;3
1496;-1;8404;16736;3
1462;-1;4916;9500;3
